<?xml version="1.0" encoding="UTF-8"?>
<!DOCTYPE plist PUBLIC "-//Apple//DTD PLIST 1.0//EN" "http://www.apple.com/DTDs/PropertyList-1.0.dtd">
<plist version="1.0">
<dict>
	<key>ProjFilesArray</key>
	<array>
		<dict>
			<key>DestPath</key>
			<string>/Users/zhy12345/Desktop/CEN5011-Heyi.cmproj/recordings/1417641229.891346/CEN5011-HEYI.trec</string>
			<key>SourceInfoDict</key>
			<dict>
				<key>SourceInfoDict_SrcAliasData</key>
				<data>
				AAAAAAIEAAIAAAxNYWNpbnRvc2ggSEQAAAAAAAAAAAAA
				AAAAAADL9ctuSCsAAAKIDHURQ0VONTAxMS1IRVlJLnRy
				ZWMAAAAAAAAAAAAAAAAAAAAAAAAAAAAAAAAAAAAAAAAA
				AAAAAAAAAAAAAAAAAAAAAogMdtCk15wAAAAAAAAAAP//
				//8AAAkgAAAAAAAAAAAAAAAAAAAAETE0MTc2NDEyMjku
				ODkxMzQ2AAAQAAgAAMv2A64AAAARAAgAANClHewAAAAB
				ABgCiAx1AogMQQKIDEAABfw/AAX7cgAAwEYAAgBsTWFj
				aW50b3NoIEhEOlVzZXJzOgB6aHkxMjM0NToARGVza3Rv
				cDoAQ0VONTAxMS1IZXlpLmNtcHJvajoAcmVjb3JkaW5n
				czoAMTQxNzY0MTIyOS44OTEzNDY6AENFTjUwMTEtSEVZ
				SS50cmVjAA4AJAARAEMARQBOADUAMAAxADEALQBIAEUA
				WQBJAC4AdAByAGUAYwAPABoADABNAGEAYwBpAG4AdABv
				AHMAaAAgAEgARAASAFlVc2Vycy96aHkxMjM0NS9EZXNr
				dG9wL0NFTjUwMTEtSGV5aS5jbXByb2ovcmVjb3JkaW5n
				cy8xNDE3NjQxMjI5Ljg5MTM0Ni9DRU41MDExLUhFWUku
				dHJlYwAAEwABLwAAFQACAA///wAA
				</data>
				<key>SourceInfoDict_SrcPath</key>
				<string>/Users/zhy12345/Desktop/CEN5011-Heyi.cmproj/recordings/1417641229.891346/CEN5011-HEYI.trec</string>
			</dict>
		</dict>
		<dict>
			<key>DestPath</key>
			<string>/Users/zhy12345/Desktop/CEN5011-Heyi.cmproj/recordings/1417641659.137288/CEN5011-HEYI.trec</string>
			<key>SourceInfoDict</key>
			<dict>
				<key>SourceInfoDict_SrcAliasData</key>
				<data>
				AAAAAAIEAAIAAAxNYWNpbnRvc2ggSEQAAAAAAAAAAAAA
				AAAAAADL9ctuSCsAAAKIDg0RQ0VONTAxMS1IRVlJLnRy
				ZWMAAAAAAAAAAAAAAAAAAAAAAAAAAAAAAAAAAAAAAAAA
				AAAAAAAAAAAAAAAAAAAAAogOD9Ck15wAAAAAAAAAAP//
				//8AAAkgAAAAAAAAAAAAAAAAAAAAETE0MTc2NDE2NTku
				MTM3Mjg4AAAQAAgAAMv2A64AAAARAAgAANClHewAAAAB
				ABgCiA4NAogMQQKIDEAABfw/AAX7cgAAwEYAAgBsTWFj
				aW50b3NoIEhEOlVzZXJzOgB6aHkxMjM0NToARGVza3Rv
				cDoAQ0VONTAxMS1IZXlpLmNtcHJvajoAcmVjb3JkaW5n
				czoAMTQxNzY0MTY1OS4xMzcyODg6AENFTjUwMTEtSEVZ
				SS50cmVjAA4AJAARAEMARQBOADUAMAAxADEALQBIAEUA
				WQBJAC4AdAByAGUAYwAPABoADABNAGEAYwBpAG4AdABv
				AHMAaAAgAEgARAASAFlVc2Vycy96aHkxMjM0NS9EZXNr
				dG9wL0NFTjUwMTEtSGV5aS5jbXByb2ovcmVjb3JkaW5n
				cy8xNDE3NjQxNjU5LjEzNzI4OC9DRU41MDExLUhFWUku
				dHJlYwAAEwABLwAAFQACAA///wAA
				</data>
				<key>SourceInfoDict_SrcPath</key>
				<string>/Users/zhy12345/Desktop/CEN5011-Heyi.cmproj/recordings/1417641659.137288/CEN5011-HEYI.trec</string>
			</dict>
		</dict>
	</array>
</dict>
</plist>
