<GoProject id="1" version="1.0" client="Camtasia 2:mac 2.9.1 (91365)" >
 <Project id="2" editRate="30/1" version="3.0" >
  <Author></Author>
  <Comment></Comment>
  <System></System>
  <SourceBin id="3"  >
    <Source id="4" src="./recordings/1417641229.891346/CEN5011-HEYI.trec" lastMod="20141203T201945" rect="(0,0,1280,800)" >
      <SourceTrack range="(0,21763)" type="0" editRate="30/1" trackRect="(0,0,1280,800)" sampleRate="0/1" bitDepth="0" numChannels="0" filename="" metaData="2b7b6a01-7a1f-11e2-83d0-0017f200be7f;2b7b6af0-7a1f-11e2-83d0-0017f200be7f;2b7b6af1-7a1f-11e2-83d0-0017f200be7f;2b7b6af2-7a1f-11e2-83d0-0017f200be7f;2b7b6af3-7a1f-11e2-83d0-0017f200be7f;2b7b6af5-7a1f-11e2-83d0-0017f200be7f;2b7b6af6-7a1f-11e2-83d0-0017f200be7f;2b7b6af7-7a1f-11e2-83d0-0017f200be7f;2b7b6af8-7a1f-11e2-83d0-0017f200be7f;2b7b6af9-7a1f-11e2-83d0-0017f200be7f;2b7b6afa-7a1f-11e2-83d0-0017f200be7f;2b7b6afb-7a1f-11e2-83d0-0017f200be7f;2b7b6afc-7a1f-11e2-83d0-0017f200be7f;" />
      <SourceTrack range="(0,31992832)" type="2" editRate="44100/1" trackRect="(0,0,0,0)" sampleRate="44100/1" bitDepth="16" numChannels="2" filename="" metaData="" />
    </Source>
  </SourceBin>
  <Timeline id="5"  >
   <Attributes>
    <Attribute id="6" value="1152" name="width"/>
    <Attribute id="7" value="720" name="height"/>
    <Attribute id="8" value="(0,0,0,255)" name="backgroundColor"/>
   </Attributes>
    <GenericMixer id="9"  name="UnifiedMixer">
     <Tracks>
      <GenericTrack id="10"  >
       <Attributes>
        <Attribute id="11" value="" name="ident"/>
        <Attribute id="12" value="0" name="audioMuted"/>
        <Attribute id="13" value="0" name="videoHidden"/>
       </Attributes>
       <MetaData>
        <entry key="IsLocked" val="False"/>
        <entry key="trackHeight" val="54"/>
       </MetaData>
       <Medias>
        <UnifiedMedia id="14"  >
         <AMFile id="15" start="0" duration="21568" scalar="1/1" mediaStart="0/1" mediaDuration="21568/1" trackNumber="1" src="4" channelNumber="0,1" >
          <Parameters>
           <InterpolatingParam id="16" interp="linr"  time="0/1" value="1" leadInLength="0/1"  name="volume"/>
           <Parameter id="17"  name="captions"/>
          </Parameters>
          <Attributes>
           <Attribute id="18" value="" name="ident"/>
           <Attribute id="19" value="44100" name="sampleRate"/>
           <Attribute id="20" value="16" name="bitDepth"/>
           <Attribute id="21" value="1" name="gain"/>
           <Attribute id="22" value="0" name="mixToMono"/>
          </Attributes>
         </AMFile>
         <ScreenVMFile id="23" start="0" duration="21568" scalar="1/1" mediaStart="0/1" mediaDuration="21568/1" trackNumber="0" src="4" >
          <Transformer>
           <VectorParam id="24"  name="translation">
            <InterpolatingParam id="25" interp="linr"  time="0/1" value="0" leadInLength="0/1"  />
            <InterpolatingParam id="26" interp="linr"  time="0/1" value="0" leadInLength="0/1"  />
            <InterpolatingParam id="27" interp="linr"  time="0/1" value="0" leadInLength="0/1"  />
           </VectorParam>
           <VectorParam id="28"  name="rotation">
            <InterpolatingParam id="29" interp="linr"  time="0/1" value="0" leadInLength="0/1"  />
            <InterpolatingParam id="30" interp="linr"  time="0/1" value="0" leadInLength="0/1"  />
            <InterpolatingParam id="31" interp="linr"  time="0/1" value="0" leadInLength="0/1"  />
           </VectorParam>
           <VectorParam id="32"  name="shear">
            <InterpolatingParam id="33" interp="linr"  time="0/1" value="0" leadInLength="0/1"  />
            <InterpolatingParam id="34" interp="linr"  time="0/1" value="0" leadInLength="0/1"  />
            <InterpolatingParam id="35" interp="linr"  time="0/1" value="0" leadInLength="0/1"  />
           </VectorParam>
           <VectorParam id="36"  name="scale">
            <InterpolatingParam id="37" interp="linr"  time="0/1" value="0.90000000000000002" leadInLength="0/1"  />
            <InterpolatingParam id="38" interp="linr"  time="0/1" value="0.90000000000000002" leadInLength="0/1"  />
            <InterpolatingParam id="39" interp="linr"  time="0/1" value="1" leadInLength="0/1"  />
           </VectorParam>
           <VectorParam id="40"  name="anchor">
            <InterpolatingParam id="41" interp="linr"  time="0/1" value="0" leadInLength="0/1"  />
            <InterpolatingParam id="42" interp="linr"  time="0/1" value="0" leadInLength="0/1"  />
            <InterpolatingParam id="43" interp="linr"  time="0/1" value="0" leadInLength="0/1"  />
           </VectorParam>
          </Transformer>
          <Parameters>
           <VectorParam id="44"  name="sourceCrop">
            <InterpolatingParam id="45" interp="linr"  time="0/1" value="0" leadInLength="0/1"  />
            <InterpolatingParam id="46" interp="linr"  time="0/1" value="0" leadInLength="0/1"  />
            <InterpolatingParam id="47" interp="linr"  time="0/1" value="0" leadInLength="0/1"  />
            <InterpolatingParam id="48" interp="linr"  time="0/1" value="0" leadInLength="0/1"  />
           </VectorParam>
           <VectorParam id="49"  name="geometryCrop">
            <InterpolatingParam id="50" interp="linr"  time="0/1" value="0" leadInLength="0/1"  />
            <InterpolatingParam id="51" interp="linr"  time="0/1" value="0" leadInLength="0/1"  />
            <InterpolatingParam id="52" interp="linr"  time="0/1" value="0" leadInLength="0/1"  />
            <InterpolatingParam id="53" interp="linr"  time="0/1" value="0" leadInLength="0/1"  />
           </VectorParam>
           <InterpolatingParam id="54" interp="linr"  time="0/1" value="1" leadInLength="0/1"  name="opacity"/>
           <Parameter id="55"  name="toc">
            <Keyframes>
            <Keyframe id="56"  time="1/1" value="Leankit" leadInLength="0/1"  />
            <Keyframe id="57"  time="358/1" value="" leadInLength="0/1"  />
            </Keyframes>
           </Parameter>
           <InterpolatingParam id="58" interp="linr"  time="0/1" value="1" leadInLength="0/1"  name="cursorOpacity"/>
           <InterpolatingParam id="59" interp="linr"  time="0/1" value="1" leadInLength="0/1"  name="cursorScale"/>
          </Parameters>
          <Attributes>
           <Attribute id="60" value="CEN5011-HEYI" name="ident"/>
          </Attributes>
         </ScreenVMFile>
         <MetaData>
          <entry key="clipSpeedAttribute" val="0" type="bool"/>
          <entry key="default-scale" val="0.9"/>
          <entry key="effectApplied" val="none"/>
         </MetaData>
        </UnifiedMedia>
       </Medias>
      </GenericTrack>
      <GenericTrack id="61"  >
       <Attributes>
        <Attribute id="62" value="" name="ident"/>
        <Attribute id="63" value="0" name="audioMuted"/>
        <Attribute id="64" value="0" name="videoHidden"/>
       </Attributes>
       <MetaData>
        <entry key="IsLocked" val="False"/>
        <entry key="trackHeight" val="54"/>
       </MetaData>
       <Medias>
       </Medias>
      </GenericTrack>
     </Tracks>
    </GenericMixer>
   <CaptionAttributes id="65"  >
    <Attribute id="66" value="1" name="captionsEnabled"/>
    <Attribute id="67" value="Arial" name="captionsFontName"/>
    <Attribute id="68" value="32" name="captionsFontSize"/>
    <Attribute id="69" value="(0,0,0,204)" name="captionsBackgroundColor"/>
    <Attribute id="70" value="(255,255,255,255)" name="captionsForegroundColor"/>
    <Attribute id="71" value="en" name="lang"/>
    <Attribute id="72" value="0" name="captionsAlignment"/>
    <Attribute id="73" value="1" name="captionsDefaultFontSize"/>
    <Attribute id="74" value="0.5" name="captionsOpacity"/>
    <Attribute id="75" value="1" name="captionsBackgroundEnabled"/>
    <Attribute id="76" value="1" name="captionsBackgroundOnlyAroundText"/>
   </CaptionAttributes>
   <Parameters>
    <VectorParam id="77"  name="eyePosition">
     <InterpolatingParam id="78" interp="linr"  time="0/1" value="0" leadInLength="0/1"  />
     <InterpolatingParam id="79" interp="linr"  time="0/1" value="0" leadInLength="0/1"  />
     <InterpolatingParam id="80" interp="linr"  time="0/1" value="3000" leadInLength="0/1"  />
    </VectorParam>
    <VectorParam id="81"  name="eyeLookAtPosition">
     <InterpolatingParam id="82" interp="linr"  time="0/1" value="0" leadInLength="0/1"  />
     <InterpolatingParam id="83" interp="linr"  time="0/1" value="0" leadInLength="0/1"  />
     <InterpolatingParam id="84" interp="linr"  time="0/1" value="0" leadInLength="0/1"  />
    </VectorParam>
    <VectorParam id="85"  name="eyeUpVector">
     <InterpolatingParam id="86" interp="linr"  time="0/1" value="0" leadInLength="0/1"  />
     <InterpolatingParam id="87" interp="linr"  time="0/1" value="1" leadInLength="0/1"  />
     <InterpolatingParam id="88" interp="linr"  time="0/1" value="0" leadInLength="0/1"  />
    </VectorParam>
    <InterpolatingParam id="89" interp="linr"  time="0/1" value="0" leadInLength="0/1"  name="fov"/>
    <InterpolatingParam id="90" interp="linr"  time="0/1" value="1.5" leadInLength="0/1"  name="nearClipDistance"/>
    <InterpolatingParam id="91" interp="linr"  time="0/1" value="6000" leadInLength="0/1"  name="farClipDistance"/>
   </Parameters>
   <MetaData>
    <entry key="RecordingHeight" val="800"/>
    <entry key="RecordingWidth" val="1280"/>
   </MetaData>
  </Timeline>
 </Project>
 <ActionBin id="92"   name="actionBin"/>
 <ActionBin id="93"   name="sfActionBin"/>
 <ActionBin id="94"   name="audioActionBin"/>
</GoProject>
